,Reddit,Facebook,Youtube
0,"{'precision': 0.8407341622261694, 'recall': 0.5411585365853658, 'f1-score': 0.6584743797820543, 'support': 2624.0}","{'precision': 0.4371584699453552, 'recall': 0.9090909090909091, 'f1-score': 0.5904059040590406, 'support': 88.0}","{'precision': 0.46905537459283386, 'recall': 0.8780487804878049, 'f1-score': 0.6114649681528662, 'support': 164.0}"
1,"{'precision': 0.27904191616766466, 'recall': 0.6340136054421769, 'f1-score': 0.38752598752598755, 'support': 735.0}","{'precision': 0.9316239316239316, 'recall': 0.5141509433962265, 'f1-score': 0.662613981762918, 'support': 212.0}","{'precision': 0.937888198757764, 'recall': 0.6494623655913978, 'f1-score': 0.7674714104193138, 'support': 465.0}"
accuracy,0.5614766299493897,0.63,0.7090620031796503
macro avg,"{'precision': 0.559888039196917, 'recall': 0.5875860710137714, 'f1-score': 0.5230001836540209, 'support': 3359.0}","{'precision': 0.6843912007846434, 'recall': 0.7116209262435678, 'f1-score': 0.6265099429109793, 'support': 300.0}","{'precision': 0.7034717866752989, 'recall': 0.7637555730396013, 'f1-score': 0.68946818928609, 'support': 629.0}"
weighted avg,"{'precision': 0.7178274040085447, 'recall': 0.5614766299493897, 'f1-score': 0.599186773855228, 'support': 3359.0}","{'precision': 0.7865807295315492, 'recall': 0.63, 'f1-score': 0.6414329456364473, 'support': 300.0}","{'precision': 0.8156487978626152, 'recall': 0.7090620031796503, 'f1-score': 0.7267956448681255, 'support': 629.0}"
