,Facebook,Twitter,Youtube
0,"{'precision': 0.31555555555555553, 'recall': 0.8068181818181818, 'f1-score': 0.45367412140575075, 'support': 88.0}","{'precision': 0.17899332306111967, 'recall': 0.8626237623762376, 'f1-score': 0.296469587409613, 'support': 808.0}","{'precision': 0.288981288981289, 'recall': 0.8475609756097561, 'f1-score': 0.4310077519379846, 'support': 164.0}"
1,"{'precision': 0.7733333333333333, 'recall': 0.27358490566037735, 'f1-score': 0.40418118466898956, 'support': 212.0}","{'precision': 0.8825396825396825, 'recall': 0.20689655172413793, 'f1-score': 0.33520900321543406, 'support': 4031.0}","{'precision': 0.831081081081081, 'recall': 0.2645161290322581, 'f1-score': 0.401305057096248, 'support': 465.0}"
accuracy,0.43,0.3163876834056623,0.4165341812400636
macro avg,"{'precision': 0.5444444444444444, 'recall': 0.5402015437392795, 'f1-score': 0.4289276530373701, 'support': 300.0}","{'precision': 0.530766502800401, 'recall': 0.5347601570501878, 'f1-score': 0.3158392953125235, 'support': 4839.0}","{'precision': 0.560031185031185, 'recall': 0.5560385523210071, 'f1-score': 0.4161564045171163, 'support': 629.0}"
weighted avg,"{'precision': 0.6390518518518518, 'recall': 0.43, 'f1-score': 0.4186991127784395, 'support': 300.0}","{'precision': 0.7650638696736608, 'recall': 0.3163876834056623, 'f1-score': 0.32874042541607396, 'support': 4839.0}","{'precision': 0.689738686956493, 'recall': 0.4165341812400636, 'f1-score': 0.409049479916669, 'support': 629.0}"
