,Reddit,Twitter,Youtube
0,"{'precision': 0.8481543624161074, 'recall': 0.3852896341463415, 'f1-score': 0.529874213836478, 'support': 2624.0}","{'precision': 0.44314558979808716, 'recall': 0.5160891089108911, 'f1-score': 0.476843910806175, 'support': 808.0}","{'precision': 0.8823529411764706, 'recall': 0.823170731707317, 'f1-score': 0.8517350157728706, 'support': 164.0}"
1,"{'precision': 0.2556529764651592, 'recall': 0.7537414965986394, 'f1-score': 0.3818056512749828, 'support': 735.0}","{'precision': 0.8996921498204208, 'recall': 0.8700074423220044, 'f1-score': 0.8846008323874386, 'support': 4031.0}","{'precision': 0.9390756302521008, 'recall': 0.9612903225806452, 'f1-score': 0.9500531349628055, 'support': 465.0}"
accuracy,0.46591247395058055,0.8109113453192809,0.9252782193958664
macro avg,"{'precision': 0.5519036694406333, 'recall': 0.5695155653724905, 'f1-score': 0.4558399325557304, 'support': 3359.0}","{'precision': 0.671418869809254, 'recall': 0.6930482756164478, 'f1-score': 0.6807223715968068, 'support': 4839.0}","{'precision': 0.9107142857142857, 'recall': 0.8922305271439811, 'f1-score': 0.900894075367838, 'support': 629.0}"
weighted avg,"{'precision': 0.7185060984464894, 'recall': 0.46591247395058055, 'f1-score': 0.49747457302590964, 'support': 3359.0}","{'precision': 0.8234595355410148, 'recall': 0.8109113453192809, 'f1-score': 0.8165149483953615, 'support': 4839.0}","{'precision': 0.9242862486807122, 'recall': 0.9252782193958664, 'f1-score': 0.9244185220102629, 'support': 629.0}"
