,Reddit,Facebook,Twitter
0,"{'precision': 0.8353221957040573, 'recall': 0.40015243902439024, 'f1-score': 0.541097655243494, 'support': 2624.0}","{'precision': 0.9882352941176471, 'recall': 0.9545454545454546, 'f1-score': 0.9710982658959537, 'support': 88.0}","{'precision': 0.5276872964169381, 'recall': 0.6014851485148515, 'f1-score': 0.5621746674378253, 'support': 808.0}"
1,"{'precision': 0.25118934348239774, 'recall': 0.7183673469387755, 'f1-score': 0.37222418047232997, 'support': 735.0}","{'precision': 0.9813953488372092, 'recall': 0.9952830188679245, 'f1-score': 0.9882903981264638, 'support': 212.0}","{'precision': 0.9178152118427769, 'recall': 0.8920863309352518, 'f1-score': 0.9047678953327463, 'support': 4031.0}"
accuracy,0.46978267341470675,0.9833333333333333,0.8435627195701592
macro avg,"{'precision': 0.5432557695932275, 'recall': 0.5592598929815829, 'f1-score': 0.45666091785791196, 'support': 3359.0}","{'precision': 0.9848153214774282, 'recall': 0.9749142367066895, 'f1-score': 0.9796943320112088, 'support': 300.0}","{'precision': 0.7227512541298575, 'recall': 0.7467857397250517, 'f1-score': 0.7334712813852857, 'support': 4839.0}"
weighted avg,"{'precision': 0.7075050934763347, 'recall': 0.46978267341470675, 'f1-score': 0.5041455849973476, 'support': 3359.0}","{'precision': 0.9834017327861376, 'recall': 0.9833333333333333, 'f1-score': 0.983247372672181, 'support': 300.0}","{'precision': 0.8526729602072991, 'recall': 0.8435627195701592, 'f1-score': 0.8475628264881303, 'support': 4839.0}"
