,Facebook,Reddit,Youtube
0,"{'precision': 0.5492957746478874, 'recall': 0.8863636363636364, 'f1-score': 0.6782608695652174, 'support': 88.0}","{'precision': 0.8443997317236754, 'recall': 0.4798018292682927, 'f1-score': 0.6119076549210207, 'support': 2624.0}","{'precision': 0.547244094488189, 'recall': 0.8475609756097561, 'f1-score': 0.6650717703349283, 'support': 164.0}"
1,"{'precision': 0.9367088607594937, 'recall': 0.6981132075471698, 'f1-score': 0.7999999999999999, 'support': 212.0}","{'precision': 0.269271948608137, 'recall': 0.6843537414965987, 'f1-score': 0.3864771417595082, 'support': 735.0}","{'precision': 0.9333333333333333, 'recall': 0.7526881720430108, 'f1-score': 0.8333333333333333, 'support': 465.0}"
accuracy,0.7533333333333333,0.5245608812146472,0.7774244833068362
macro avg,"{'precision': 0.7430023177036905, 'recall': 0.7922384219554031, 'f1-score': 0.7391304347826086, 'support': 300.0}","{'precision': 0.5568358401659063, 'recall': 0.5820777853824457, 'f1-score': 0.49919239834026446, 'support': 3359.0}","{'precision': 0.7402887139107612, 'recall': 0.8001245738263834, 'f1-score': 0.7492025518341308, 'support': 629.0}"
weighted avg,"{'precision': 0.8230676888334224, 'recall': 0.7533333333333333, 'f1-score': 0.7642898550724637, 'support': 300.0}","{'precision': 0.7185530748049732, 'recall': 0.5245608812146472, 'f1-score': 0.5625800493319432, 'support': 3359.0}","{'precision': 0.8326677766233117, 'recall': 0.7774244833068362, 'f1-score': 0.7894622739823977, 'support': 629.0}"
