,Facebook,Youtube,Twitter
0,"{'precision': 0.4066666666666667, 'recall': 0.6931818181818182, 'f1-score': 0.5126050420168068, 'support': 88.0}","{'precision': 0.32142857142857145, 'recall': 0.6585365853658537, 'f1-score': 0.43200000000000005, 'support': 164.0}","{'precision': 0.1929203539823009, 'recall': 0.8094059405940595, 'f1-score': 0.31157694140066705, 'support': 808.0}"
1,"{'precision': 0.82, 'recall': 0.5801886792452831, 'f1-score': 0.6795580110497237, 'support': 212.0}","{'precision': 0.8088737201365188, 'recall': 0.5096774193548387, 'f1-score': 0.6253298153034301, 'support': 465.0}","{'precision': 0.893719806763285, 'recall': 0.32126023319275615, 'f1-score': 0.47262773722627743, 'support': 4031.0}"
accuracy,0.6133333333333333,0.548489666136725,0.40276916718330236
macro avg,"{'precision': 0.6133333333333333, 'recall': 0.6366852487135506, 'f1-score': 0.5960815265332653, 'support': 300.0}","{'precision': 0.5651511457825451, 'recall': 0.5841070023603462, 'f1-score': 0.5286649076517151, 'support': 629.0}","{'precision': 0.5433200803727929, 'recall': 0.5653330868934078, 'f1-score': 0.39210233931347227, 'support': 4839.0}"
weighted avg,"{'precision': 0.6987555555555556, 'recall': 0.6133333333333334, 'f1-score': 0.6305851401334014, 'support': 300.0}","{'precision': 0.6817815033032861, 'recall': 0.548489666136725, 'f1-score': 0.5749226774500716, 'support': 629.0}","{'precision': 0.77670266317018, 'recall': 0.40276916718330236, 'f1-score': 0.4457360151706682, 'support': 4839.0}"
