,Facebook,Reddit,Twitter
0,"{'precision': 0.946236559139785, 'recall': 1.0, 'f1-score': 0.9723756906077349, 'support': 88.0}","{'precision': 0.8238315356959425, 'recall': 0.6112804878048781, 'f1-score': 0.701815795230803, 'support': 2624.0}","{'precision': 0.45839874411302983, 'recall': 0.7227722772277227, 'f1-score': 0.5609990393852065, 'support': 808.0}"
1,"{'precision': 1.0, 'recall': 0.9764150943396226, 'f1-score': 0.9880668257756563, 'support': 212.0}","{'precision': 0.2776203966005666, 'recall': 0.5333333333333333, 'f1-score': 0.3651606893339544, 'support': 735.0}","{'precision': 0.9371669004207573, 'recall': 0.828826593897296, 'f1-score': 0.8796735123749341, 'support': 4031.0}"
accuracy,0.9833333333333333,0.5942244715689193,0.8111179995866915
macro avg,"{'precision': 0.9731182795698925, 'recall': 0.9882075471698113, 'f1-score': 0.9802212581916956, 'support': 300.0}","{'precision': 0.5507259661482545, 'recall': 0.5723069105691057, 'f1-score': 0.5334882422823787, 'support': 3359.0}","{'precision': 0.6977828222668936, 'recall': 0.7757994355625093, 'f1-score': 0.7203362758800702, 'support': 4839.0}"
weighted avg,"{'precision': 0.9842293906810036, 'recall': 0.9833333333333333, 'f1-score': 0.9834640927930659, 'support': 300.0}","{'precision': 0.7043122778111252, 'recall': 0.5942244715689193, 'f1-score': 0.6281505666406917, 'support': 3359.0}","{'precision': 0.8572237984789007, 'recall': 0.8111179995866915, 'f1-score': 0.8264623170503422, 'support': 4839.0}"
