,Youtube,Reddit,Twitter
0,"{'precision': 0.8695652173913043, 'recall': 0.8536585365853658, 'f1-score': 0.8615384615384616, 'support': 164.0}","{'precision': 0.8399725274725275, 'recall': 0.4660823170731707, 'f1-score': 0.5995098039215686, 'support': 2624.0}","{'precision': 0.4795719844357977, 'recall': 0.6101485148514851, 'f1-score': 0.537037037037037, 'support': 808.0}"
1,"{'precision': 0.9487179487179487, 'recall': 0.9548387096774194, 'f1-score': 0.9517684887459806, 'support': 465.0}","{'precision': 0.26379400945874937, 'recall': 0.6829931972789116, 'f1-score': 0.38059135708870356, 'support': 735.0}","{'precision': 0.9173445289950144, 'recall': 0.8672785909203672, 'f1-score': 0.8916092833460852, 'support': 4031.0}"
accuracy,0.9284578696343402,0.5135456981244418,0.8243438727009713
macro avg,"{'precision': 0.9091415830546266, 'recall': 0.9042486231313926, 'f1-score': 0.906653475142221, 'support': 629.0}","{'precision': 0.5518832684656384, 'recall': 0.5745377571760412, 'f1-score': 0.49005058050513606, 'support': 3359.0}","{'precision': 0.6984582567154061, 'recall': 0.7387135528859261, 'f1-score': 0.7143231601915612, 'support': 4839.0}"
weighted avg,"{'precision': 0.9280803526327823, 'recall': 0.9284578696343402, 'f1-score': 0.9282426946886942, 'support': 629.0}","{'precision': 0.71389595386725, 'recall': 0.5135456981244418, 'f1-score': 0.5516071369307511, 'support': 3359.0}","{'precision': 0.8442467368884125, 'recall': 0.8243438727009713, 'f1-score': 0.8324039981595361, 'support': 4839.0}"
