Test Dataset,Class,Precision,Recall,F1-Score,Accuracy
Facebook,0,0.539568345323741,0.8522727272727273,0.6607929515418502,
Facebook,1,0.9192546583850931,0.6981132075471698,0.7935656836461126,
Facebook,overall,0.8078800065537631,0.7433333333333333,0.7546190155621957,0.7433333333333333
Reddit,0,0.83663631494376,0.5952743902439024,0.6956134491204632,
Reddit,1,0.28820375335120646,0.5850340136054422,0.38616973506960034,
Reddit,overall,0.716630976220769,0.5930336409645727,0.6279024845990626,0.5930336409645728
Twitter,0,0.37917146144994246,0.8155940594059405,0.5176747839748626,
Twitter,1,0.9519509835536923,0.7323244852393946,0.8278182837913629,
Twitter,overall,0.8563101788709419,0.7462285596197561,0.7760315617719927,0.7462285596197561
Youtube,0,0.6042553191489362,0.8658536585365854,0.7117794486215538,
Youtube,1,0.9441624365482234,0.8,0.8661233993015134,
Youtube,overall,0.8555380053026223,0.8171701112877583,0.8258810973754189,0.8171701112877583
