Test Dataset,Class,Precision,Recall,F1-Score,Accuracy
Facebook,0,0.6260869565217392,0.8181818181818182,0.7093596059113301,
Facebook,1,0.9135135135135135,0.7971698113207547,0.8513853904282116,
Facebook,overall,0.829201723462593,0.8033333333333333,0.8097244936365929,0.8033333333333333
Reddit,0,0.8476070528967254,0.5129573170731707,0.6391263057929725,
Reddit,1,0.27837380011293056,0.6707482993197279,0.3934557063048683,
Reddit,overall,0.7230502083608251,0.547484370348318,0.5853698632137059,0.547484370348318
Twitter,0,0.522140221402214,0.7004950495049505,0.5983086680761099,
Twitter,1,0.9355525965379494,0.8714959067228976,0.902388903159517,
Twitter,overall,0.8665223838680436,0.8429427567679273,0.8516146047616264,0.8429427567679273
Youtube,0,0.679144385026738,0.774390243902439,0.7236467236467237,
Youtube,1,0.916289592760181,0.8709677419354839,0.8930540242557883,
Youtube,overall,0.8544584098217317,0.8457869634340223,0.8488842352257618,0.8457869634340223
