,Facebook,Reddit,Youtube
0,"{'precision': 0.4308510638297872, 'recall': 0.9204545454545454, 'f1-score': 0.5869565217391304, 'support': 88.0}","{'precision': 0.8340909090909091, 'recall': 0.5594512195121951, 'f1-score': 0.6697080291970803, 'support': 2624.0}","{'precision': 0.4331395348837209, 'recall': 0.9085365853658537, 'f1-score': 0.5866141732283465, 'support': 164.0}"
1,"{'precision': 0.9375, 'recall': 0.49528301886792453, 'f1-score': 0.6481481481481481, 'support': 212.0}","{'precision': 0.2770481550969356, 'recall': 0.6027210884353742, 'f1-score': 0.3796058269065981, 'support': 735.0}","{'precision': 0.9473684210526315, 'recall': 0.5806451612903226, 'f1-score': 0.72, 'support': 465.0}"
accuracy,0.62,0.5689193212265555,0.6661367249602543
macro avg,"{'precision': 0.6841755319148937, 'recall': 0.7078687821612349, 'f1-score': 0.6175523349436393, 'support': 300.0}","{'precision': 0.5555695320939223, 'recall': 0.5810861539737846, 'f1-score': 0.5246569280518392, 'support': 3359.0}","{'precision': 0.6902539779681762, 'recall': 0.7445908733280882, 'f1-score': 0.6533070866141732, 'support': 629.0}"
weighted avg,"{'precision': 0.7888829787234043, 'recall': 0.62, 'f1-score': 0.630198604401503, 'support': 300.0}","{'precision': 0.7122015300538235, 'recall': 0.5689193212265555, 'f1-score': 0.6062292799611457, 'support': 3359.0}","{'precision': 0.8132928450085912, 'recall': 0.6661367249602543, 'f1-score': 0.6852221373759123, 'support': 629.0}"
