,Facebook,Twitter,Youtube
0,"{'precision': 0.4094488188976378, 'recall': 0.5909090909090909, 'f1-score': 0.4837209302325581, 'support': 88.0}","{'precision': 0.18936035465484483, 'recall': 0.7400990099009901, 'f1-score': 0.3015632879475542, 'support': 808.0}","{'precision': 0.3508771929824561, 'recall': 0.6097560975609756, 'f1-score': 0.4454342984409799, 'support': 164.0}"
1,"{'precision': 0.791907514450867, 'recall': 0.6462264150943396, 'f1-score': 0.7116883116883116, 'support': 212.0}","{'precision': 0.8750743604997026, 'recall': 0.36492185561895313, 'f1-score': 0.5150560224089635, 'support': 4031.0}","{'precision': 0.813953488372093, 'recall': 0.6021505376344086, 'f1-score': 0.69221260815822, 'support': 465.0}"
accuracy,0.63,0.427567679272577,0.604133545310016
macro avg,"{'precision': 0.6006781666742524, 'recall': 0.6185677530017153, 'f1-score': 0.5977046209604349, 'support': 300.0}","{'precision': 0.5322173575772737, 'recall': 0.5525104327599716, 'f1-score': 0.4083096551782589, 'support': 4839.0}","{'precision': 0.5824153406772745, 'recall': 0.6059533175976921, 'f1-score': 0.5688234532995999, 'support': 629.0}"
weighted avg,"{'precision': 0.6797196304219197, 'recall': 0.63, 'f1-score': 0.6448178797946239, 'support': 300.0}","{'precision': 0.7605761342705963, 'recall': 0.427567679272577, 'f1-score': 0.4794077212217723, 'support': 4839.0}","{'precision': 0.6932149948205819, 'recall': 0.604133545310016, 'f1-score': 0.6278697738281289, 'support': 629.0}"
