,Reddit,Twitter,Youtube
0,"{'precision': 0.8463251670378619, 'recall': 0.4344512195121951, 'f1-score': 0.5741626794258373, 'support': 2624.0}","{'precision': 0.41738449490994517, 'recall': 0.6596534653465347, 'f1-score': 0.5112709832134292, 'support': 808.0}","{'precision': 0.8726114649681529, 'recall': 0.8353658536585366, 'f1-score': 0.8535825545171339, 'support': 164.0}"
1,"{'precision': 0.2624254473161034, 'recall': 0.7183673469387755, 'f1-score': 0.38441936658172554, 'support': 735.0}","{'precision': 0.9227961819202695, 'recall': 0.8154304142892582, 'f1-score': 0.8657974450151456, 'support': 4031.0}","{'precision': 0.9427966101694916, 'recall': 0.956989247311828, 'f1-score': 0.9498399146211314, 'support': 465.0}"
accuracy,0.4965763620125037,0.7894193015085762,0.9252782193958664
macro avg,"{'precision': 0.5543753071769826, 'recall': 0.5764092832254852, 'f1-score': 0.47929102300378146, 'support': 3359.0}","{'precision': 0.6700903384151073, 'recall': 0.7375419398178964, 'f1-score': 0.6885342141142874, 'support': 4839.0}","{'precision': 0.9077040375688222, 'recall': 0.8961775504851823, 'f1-score': 0.9017112345691327, 'support': 629.0}"
weighted avg,"{'precision': 0.7185590777269083, 'recall': 0.4965763620125037, 'f1-score': 0.5326439729833181, 'support': 3359.0}","{'precision': 0.8384042325290023, 'recall': 0.7894193015085762, 'f1-score': 0.8065998047721642, 'support': 4839.0}","{'precision': 0.9244971446479978, 'recall': 0.9252782193958664, 'f1-score': 0.9247426061043498, 'support': 629.0}"
