,Facebook,Reddit,Twitter
0,"{'precision': 0.9885057471264368, 'recall': 0.9772727272727273, 'f1-score': 0.9828571428571428, 'support': 88.0}","{'precision': 0.8313032886723508, 'recall': 0.5201981707317073, 'f1-score': 0.6399437412095639, 'support': 2624.0}","{'precision': 0.5220657276995305, 'recall': 0.6881188118811881, 'f1-score': 0.5936999466097169, 'support': 808.0}"
1,"{'precision': 0.9906103286384976, 'recall': 0.9952830188679245, 'f1-score': 0.9929411764705881, 'support': 212.0}","{'precision': 0.2667443214909726, 'recall': 0.6231292517006802, 'f1-score': 0.3735725938009788, 'support': 735.0}","{'precision': 0.9332273449920508, 'recall': 0.8737286033242372, 'f1-score': 0.902498398462524, 'support': 4031.0}"
accuracy,0.99,0.5427210479309318,0.8427361025005167
macro avg,"{'precision': 0.9895580378824672, 'recall': 0.9862778730703259, 'f1-score': 0.9878991596638654, 'support': 300.0}","{'precision': 0.5490238050816617, 'recall': 0.5716637112161937, 'f1-score': 0.5067581675052714, 'support': 3359.0}","{'precision': 0.7276465363457907, 'recall': 0.7809237076027127, 'f1-score': 0.7480991725361205, 'support': 4839.0}"
weighted avg,"{'precision': 0.9899929847282931, 'recall': 0.99, 'f1-score': 0.9899831932773108, 'support': 300.0}","{'precision': 0.7077692485180452, 'recall': 0.5427210479309318, 'f1-score': 0.581657705679552, 'support': 3359.0}","{'precision': 0.8645729563224174, 'recall': 0.8427361025005167, 'f1-score': 0.8509362680436217, 'support': 4839.0}"
